date,units_sold,data_type
2010-01-01,2416955,Actual
2010-02-01,2724860,Actual
2010-03-01,2557032,Actual
2010-04-01,2780481,Actual
2010-05-01,2757045,Actual
2010-06-01,2844228,Actual
2010-07-01,2676194,Actual
2010-08-01,3000733,Actual
2010-09-01,2692859,Actual
2010-10-01,2835289,Actual
2010-11-01,2836806,Actual
2010-12-01,2908693,Actual
2011-01-01,2674643,Actual
2011-02-01,2512298,Actual
2011-03-01,2656941,Actual
2011-04-01,2610147,Actual
2011-05-01,2828581,Actual
2011-06-01,2872964,Actual
2011-07-01,2908885,Actual
2011-08-01,2811836,Actual
2011-09-01,2974414,Actual
2011-10-01,3037996,Actual
2011-11-01,2813156,Actual
2011-12-01,2946281,Actual
2012-01-01,2646731,Actual
2012-02-01,2717627,Actual
2012-03-01,2815082,Actual
2012-04-01,2459399,Actual
2012-05-01,3031626,Actual
2012-06-01,2530941,Actual
2012-07-01,2996787,Actual
2012-08-01,2720263,Actual
2012-09-01,2662857,Actual
2012-10-01,2865966,Actual
2012-11-01,2691783,Actual
2012-12-01,2912107,Actual
2013-01-01,2974583,Actual
2013-02-01,2421905,Actual
2013-03-01,2583645,Actual
2013-04-01,2816701,Actual
2013-05-01,2859810,Actual
2013-06-01,2660124,Actual
2013-07-01,2606961,Actual
2013-08-01,2833851,Actual
2013-09-01,2665415,Actual
2013-10-01,2891040,Actual
2013-11-01,2607919,Actual
2013-12-01,2797335,Actual
2014-01-01,2892810,Actual
2014-02-01,2456341,Actual
2014-03-01,2739138,Actual
2014-04-01,2813862,Actual
2014-05-01,3092803,Actual
2014-06-01,2574651,Actual
2014-07-01,2789173,Actual
2014-08-01,2922245,Actual
2014-09-01,2680874,Actual
2014-10-01,2421817,Actual
2014-11-01,2646089,Actual
2014-12-01,3021706,Actual
2015-01-01,2970993,Actual
2015-02-01,2437945,Actual
2015-03-01,2676274,Actual
2015-04-01,2496706,Actual
2015-05-01,2776781,Actual
2015-06-01,2641884,Actual
2015-07-01,2740167,Actual
2015-08-01,2728697,Actual
2015-09-01,2701437,Actual
2015-10-01,2691552,Actual
2015-11-01,2693965,Actual
2015-12-01,3039021,Actual
2016-01-01,2840118,Actual
2016-02-01,2887814,Actual
2016-03-01,2630147,Actual
2016-04-01,2549757,Actual
2016-05-01,2682846,Actual
2016-06-01,2829870,Actual
2016-07-01,2592064,Actual
2016-08-01,2839784,Actual
2016-09-01,2895057,Actual
2016-10-01,2877183,Actual
2016-11-01,3051106,Actual
2016-12-01,2477995,Actual
2017-01-01,2706289,Actual
2017-02-01,2488645,Actual
2017-03-01,2807154,Actual
2017-04-01,2649917,Actual
2017-05-01,2971572,Actual
2017-06-01,2702702,Actual
2017-07-01,2404223,Actual
2017-08-01,2839784,Forecast
2017-09-01,2895057,Forecast
2017-10-01,2877183,Forecast
2017-11-01,3051106,Forecast
2017-12-01,2477995,Forecast
2018-01-01,2706289,Forecast
2018-02-01,2488645,Forecast
2018-03-01,2807154,Forecast
2018-04-01,2649917,Forecast
2018-05-01,2971572,Forecast
2018-06-01,2702702,Forecast
2018-07-01,2404223,Forecast
